{"cameraMode":{"drawMode":0,"name":"Shaded","section":"Shading Mode"},"sceneLighting":false,"audioPlay":false,"sceneViewState":{"m_AlwaysRefresh":false,"showFog":false,"showSkybox":false,"showFlares":false,"showImageEffects":false,"showParticleSystems":false,"showVisualEffectGraphs":true,"m_FxEnabled":true},"in2DMode":false,"pivot":{"x":-0.15357685089111329,"y":1.2147201299667359,"z":-0.4047396183013916},"rotation":{"x":0.0023254775442183019,"y":-0.9949715733528137,"z":0.09973505139350891,"w":0.0270164106041193},"size":0.5031382441520691,"orthographic":false}