{"cameraMode":{"drawMode":0,"name":"Shaded","section":"Shading Mode"},"sceneLighting":false,"audioPlay":false,"sceneViewState":{"m_AlwaysRefresh":false,"showFog":false,"showSkybox":false,"showFlares":false,"showImageEffects":false,"showParticleSystems":false,"showVisualEffectGraphs":true,"m_FxEnabled":true},"in2DMode":false,"pivot":{"x":0.09615269303321839,"y":0.09675281494855881,"z":-0.007334910333156586},"rotation":{"x":0.00288882153108716,"y":-0.9530774354934692,"z":0.30361509323120119,"w":0.010216543450951577},"size":0.30825409293174746,"orthographic":false}