{"cameraMode":{"drawMode":0,"name":"Shaded","section":"Shading Mode"},"sceneLighting":false,"audioPlay":false,"sceneViewState":{"m_AlwaysRefresh":false,"showFog":true,"showSkybox":false,"showFlares":true,"showImageEffects":true,"showParticleSystems":true,"showVisualEffectGraphs":true,"m_FxEnabled":true},"in2DMode":false,"pivot":{"x":8.115217208862305,"y":0.17720019817352296,"z":1.432985544204712},"rotation":{"x":-0.09526242315769196,"y":-0.24322748184204102,"z":0.024007637053728105,"w":-0.9649920463562012},"size":2.197828531265259,"orthographic":false}