{"cameraMode":{"drawMode":0,"name":"Shaded","section":"Shading Mode"},"sceneLighting":false,"audioPlay":false,"sceneViewState":{"m_AlwaysRefresh":false,"showFog":false,"showSkybox":false,"showFlares":false,"showImageEffects":false,"showParticleSystems":false,"showVisualEffectGraphs":true,"m_FxEnabled":true},"in2DMode":false,"pivot":{"x":0.10035085678100586,"y":7.571019172668457,"z":-0.31148219108581545},"rotation":{"x":0.004844055511057377,"y":-0.9917762875556946,"z":0.12352411448955536,"w":0.041831593960523608},"size":9.970510482788086,"orthographic":false}