{"cameraMode":{"drawMode":0,"name":"Shaded","section":"Shading Mode"},"sceneLighting":false,"audioPlay":false,"sceneViewState":{"m_AlwaysRefresh":false,"showFog":false,"showSkybox":false,"showFlares":false,"showImageEffects":false,"showParticleSystems":false,"showVisualEffectGraphs":true,"m_FxEnabled":true},"in2DMode":false,"pivot":{"x":0.10035085678100586,"y":7.792278289794922,"z":-0.28167009353637698},"rotation":{"x":-0.00035832164576277137,"y":-1.0003188848495484,"z":-0.003606082871556282,"w":0.00010705627937568352},"size":10.179166793823243,"orthographic":false}