{"cameraMode":{"drawMode":0,"name":"Shaded","section":"Shading Mode"},"sceneLighting":false,"audioPlay":false,"sceneViewState":{"m_AlwaysRefresh":false,"showFog":true,"showSkybox":false,"showFlares":true,"showImageEffects":true,"showParticleSystems":true,"showVisualEffectGraphs":true,"m_FxEnabled":true},"in2DMode":false,"pivot":{"x":-9.210000991821289,"y":2.8838045597076418,"z":58.63999938964844},"rotation":{"x":-0.000051953422371298075,"y":0.999407172203064,"z":-0.034493327140808108,"w":-0.001499096630141139},"size":6.727983474731445,"orthographic":true}