{"cameraMode":{"drawMode":0,"name":"Shaded","section":"Shading Mode"},"sceneLighting":false,"audioPlay":false,"sceneViewState":{"m_AlwaysRefresh":false,"showFog":false,"showSkybox":false,"showFlares":false,"showImageEffects":false,"showParticleSystems":false,"showVisualEffectGraphs":true,"m_FxEnabled":true},"in2DMode":false,"pivot":{"x":0.10035085678100586,"y":7.571019172668457,"z":-0.31148219108581545},"rotation":{"x":0.02958247996866703,"y":-0.9644967317581177,"z":0.12305872142314911,"w":0.23206189274787904},"size":9.056563377380371,"orthographic":false}