{"cameraMode":{"drawMode":0,"name":"Shaded","section":"Shading Mode"},"sceneLighting":false,"audioPlay":false,"sceneViewState":{"m_AlwaysRefresh":false,"showFog":false,"showSkybox":false,"showFlares":false,"showImageEffects":false,"showParticleSystems":false,"showVisualEffectGraphs":true,"m_FxEnabled":true},"in2DMode":false,"pivot":{"x":-0.12471598386764527,"y":0.8157418966293335,"z":-0.07212698459625244},"rotation":{"x":0.027446266263723375,"y":-0.9675776958465576,"z":0.12050176411867142,"w":0.22055424749851228},"size":0.8633962869644165,"orthographic":false}